,smiles
(±)-Vanillylmandelic acid,
L-2-aminoadipic acid,
2-methoxyestradiol,COc1cc2c(cc1O)CC[C@@H]1[C@@H]2CC[C@]2(C)[C@@H](O)CC[C@@H]12
Oleic Acid,CCCCCCCC/C=C\CCCCCCCC(=O)O
4-Hydroxy-3-methoxyphenylacetic acid,
L-Aspartic acid,
D-Serine,
5-Fluorouracil,
Melatonin,COc1ccc2[nH]cc(CCNC(C)=O)c2c1
4-Imidazoleacrylic acid,
N-Methyl-D-aspartic acid,
"1,7-Dimethylxanthine",
Theobromine,Cn1cnc2c1c(=O)[nH]c(=O)n2C
N-Acetyl-L-Cysteine,
Taurine,NCCS(=O)(=O)O
Theophylline,Cn1c(=O)c2nc[nH]c2n(C)c1=O.O
Uridine 5'-diphosphate sodium,
Phosphonoacetic acid,
L-Arginine,
Forskolin,
6-Aminohexanoic acid,
Protoporphyrin IX disodium,
Estrone,C[C@]12CC[C@@H]3c4ccc(O)cc4CC[C@H]3[C@@H]1CCC2=O
"2,3-Butanedione",
Azelaic acid,O=C(O)CCCCCCCC(=O)O
Cortisone,C[C@]12CCC(=O)C=C1CC[C@@H]1[C@@H]2C(=O)C[C@@]2(C)[C@H]1CC[C@]2(O)C(=O)CO
Acetamide,CC(N)=O
Hypotaurine,NCCS(=O)O
"3,4-Dihydroxyphenylacetic acid",O=C(O)Cc1ccc(O)c(O)c1
Quinolinic acid,O=C(O)c1cccnc1C(=O)O
O-Phospho-L-serine,
Hydroquinone,Oc1ccc(O)cc1
"L-3,4-Dihydroxyphenylalanine",
Caffeine,Cn1c(=O)c2c(ncn2C)n(C)c1=O
L-Tryptophan,
Retinoic acid,
GABA,
L-Glutamine,
5-Hydroxy-L-tryptophan,
Adenosine,Nc1ncnc2c1ncn2[C@@H]1O[C@H](CO)[C@@H](O)[C@H]1O
N-Acetyl-5-hydroxytryptamine,
5-Hydroxyindolacetic acid,
Cortexolone,
Kynurenic acid,
"Adenosine 3',5'-cyclic monophosphate",
Hydrocortisone,C[C@]12CCC(=O)C=C1CC[C@@H]1[C@@H]2[C@@H](O)C[C@@]2(C)[C@H]1CC[C@]2(O)C(=O)CO
ISRIB,
(±)-Metoprolol (+)-tartrate,
RO5263397,
O-(Carboxymethyl)hydroxylamine hemihydrochloride,
Phloretin,O=C(CCc1ccc(O)cc1)c1c(O)cc(O)cc1O
8-Bromo-cAMP sodium,
Aminophylline ethylenediamine,
Harmane,
3-Nitropropionic acid,
Aminoguanidine hemisulfate,N=C(N)NN.O=S(=O)(O)O
Oxotremorine sesquifumarate salt,O=C(O)/C=C/C(=O)O.O=C1CCCN1CC#CCN1CCCC1
Nifedipine,COC(=O)C1=C(C)NC(C)=C(C(=O)OC)C1c1ccccc1[N+](=O)[O-]
Albuterol hemisulfate,
Oltipraz metabolite M2,
Caffeic Acid,O=C(O)/C=C/c1ccc(O)c(O)c1
Corticosterone,C[C@]12C[C@H](O)[C@H]3[C@@H](CCC4=CC(=O)CC[C@@]43C)[C@@H]1CC[C@@H]2C(=O)CO
"3,7-Dimethyl-1-propargylxanthine",
Serotonin hydrochloride,Cl.NCCc1c[nH]c2ccc(O)cc12
CID 11210285 hydrochloride,
Ifenprodil tartrate,CC(C(O)c1ccc(O)cc1)N1CCC(Cc2ccccc2)CC1.O=C(O)CCC(=O)O
Cisplatin,
Myricetin,O=c1c(O)c(-c2cc(O)c(O)c(O)c2)oc2cc(O)cc(O)c12
Agmatine sulfate,N=C(N)NCCCCN.O=S(=O)(O)O
(±)-Baclofen,
Debrisoquin sulfate,N=C(N)N1CCc2ccccc2C1.N=C(N)N1CCc2ccccc2C1.O=S(=O)(O)O
(±)-threo-1-Phenyl-2-decanoylamino-3-morpholino-1-propanol hydrochloride,
Metaproterenol hemisulfate,
Sorafenib tosylate,CNC(=O)c1cc(Oc2ccc(NC(=O)Nc3ccc(Cl)c(C(F)(F)F)c3)cc2)ccn1.Cc1ccc(S(=O)(=O)O)cc1
(±)-Propranolol hydrochloride,
(-)-Cotinine,
Formoterol,COc1ccc(CC(C)NCC(O)c2ccc(O)c(NC=O)c2)cc1
Actinonin,CCCCC[C@H](CC(=O)NO)C(=O)N[C@H](C(=O)N1CCC[C@H]1CO)C(C)C
Moclobemide,O=C(NCCN1CCOCC1)c1ccc(Cl)cc1
4-Hydroxyphenethylamine hydrochloride,
(+/-)-Anisodamine,
Pyrocatechol,
Terbutaline hemisulfate,
Reserpine,COC(=O)[C@H]1[C@H]2C[C@@H]3c4[nH]c5cc(OC)ccc5c4CCN3C[C@H]2C[C@@H](OC(=O)c2cc(OC)c(OC)c(OC)c2)[C@@H]1OC
Esomeprazole magnesium dihydrate,
Resveratrol,Oc1ccc(/C=C/c2cc(O)cc(O)c2)cc1
2-Chloroadenosine,
Colchicine,COc1cc2c(c(OC)c1OC)-c1ccc(OC)c(=O)cc1[C@@H](NC(C)=O)CC2
S-Methylisothiourea hemisulfate,
Tryptamine hydrochloride,Cl.NCCc1c[nH]c2ccccc12
Bisoprolol hemifumarate salt,
(-)-Tetramisole hydrochloride,
9-cyclopentyladenine,
S-Nitrosoglutathione,N[C@@H](CCC(=O)N[C@@H](CSN=O)C(=O)NCC(=O)O)C(=O)O
Tetraethylthiuram disulfide,
3-Isobutyl-1-methylxanthine,
L-alpha-Methyl-p-tyrosine,
LW106,
Idazoxan hydrochloride,Cl.c1ccc2c(c1)OCC(C1=NCCN1)O2
Benserazide hydrochloride,Cl.NC(CO)C(=O)NNCc1ccc(O)c(O)c1O
Fusaric acid,CCCCc1ccc(C(=O)O)nc1
Flutamide,CC(C)C(=O)Nc1ccc([N+](=O)[O-])c(C(F)(F)F)c1
"(±)-3-(3,4-dihydroxyphenyl)-2-methyl-DL-alanine",
1-Phenyl-3-(2-thiazolyl)-2-thiourea,
Tetramisole hydrochloride,Cl.c1ccc(C2CN3CCSC3=N2)cc1
TDFA trifluoroacetate salt,
Pramipexole dihydrochloride,CCCN[C@H]1CCc2nc(N)sc2C1.Cl.Cl.O
Amantadine hydrochloride,Cl.NC12CC3CC(CC(C3)C1)C2
Anagrelide hydrochloride,Cl.O=C1CN2Cc3c(ccc(Cl)c3Cl)N=C2N1
"L-3,4-Dihydroxyphenylalanine methyl ester hydrochloride",
Arecaidine propargyl ester hydrobromide,Br.C#CCOC(=O)C1=CCCN(C)C1
"1,10-Diaminodecane",
Lomeguatrib,Nc1nc(OCc2cc(Br)cs2)c2[nH]cnc2n1
"UK 14,304",
Kainic acid,C=C(C)[C@H]1CN[C@H](C(=O)O)[C@H]1CC(=O)O
5-hydroxydecanoic acid sodium,
Tyrphostin 23,N#CC(C#N)=Cc1ccc(O)c(O)c1
Rufinamide,NC(=O)c1cn(Cc2c(F)cccc2F)nn1
Triflusal,CC(=O)Oc1cc(C(F)(F)F)ccc1C(=O)O
Alloxazine,O=c1[nH]c(=O)c2nc3ccccc3nc2[nH]1
"6,7-ADTN hydrobromide",
Chlormezanone,CN1C(=O)CCS(=O)(=O)C1c1ccc(Cl)cc1
DL-alpha-Methyl-p-tyrosine,
Bay 11-7082,
"2,2'-Bipyridyl",
Dihydrokainic acid,
ATPA,
3'-Azido-3'-deoxythymidine,
Cimetidine,CN/C(=N\CCSCc1nc[nH]c1C)NC#N
1-[2-(Trifluoromethyl)phenyl]imidazole,
Chlorpropamide,CCCNC(=O)NS(=O)(=O)c1ccc(Cl)cc1
(-)-Perillic acid,
Pargyline hydrochloride,C#CCN(C)Cc1ccccc1.Cl
L-alpha-Methyl DOPA,
Bropirimine,Nc1nc(=O)c(Br)c(-c2ccccc2)[nH]1
SMER28,
Spermine tetrahydrochloride,Cl.NCCCNCCCCNCCCN
(+)-Pilocarpine hydrochloride,
Pilocarpine nitrate,CC[C@@H]1C(=O)OC[C@@H]1Cc1cncn1C.O=[N+]([O-])O
D-609 potassium,
Mexiletene hydrochloride,
1-(2-Methoxyphenyl)piperazine hydrochloride,
O-Methylserotonin hydrochloride,
Mecamylamine hydrochloride,CNC1(C)C2CCC(C2)C1(C)C.Cl
Droxinostat,
Felbamate,NC(=O)OCC(COC(N)=O)c1ccccc1
"alpha,beta-Methylene adenosine 5'-triphosphate dilithium",
alpha-Methyl-DL-tyrosine methyl ester hydrochloride,
(-)-Isoproterenol hydrochloride,
Genipin,COC(=O)C1=CO[C@@H](O)[C@@H]2C(CO)=CC[C@H]12
Phenamil methanesulfonate,CS(=O)(=O)O.N=C(NC(=O)c1nc(Cl)c(N)nc1N)Nc1ccccc1
Pimprinine,
Triamterene,Nc1nc(N)c2nc(-c3ccccc3)c(N)nc2n1
Methoxamine hydrochloride,COc1ccc(OC)c(C(O)C(C)N)c1.Cl
NS3861,
R(-)-Isoproterenol (+)-bitartrate,
Nalidixic acid sodium,
"2,3-Dimethoxy-1,4-naphthoquinone",
Tocainide hydrochloride,Cc1cccc(C)c1NC(=O)C(C)N.Cl
Carmofur,CCCCCCNC(=O)n1cc(F)c(=O)[nH]c1=O
10058-F4,
Pirfenidone,Cc1ccc(=O)n(-c2ccccc2)c1
N-omega-Methyl-5-hydroxytryptamine oxalate salt,
Sorbinil,O=C1NC(=O)[C@@]2(CCOc3ccc(F)cc32)N1
SIB 1757,
O6-benzylguanine,
5-Carboxamidotryptamine maleate,
Furosemide,NS(=O)(=O)c1cc(C(=O)O)c(NCc2ccco2)cc1Cl
INF39,
Sumanirole maleate,
D-ribofuranosylbenzimidazole,
Doxofylline,Cn1c(=O)c2c(ncn2CC2OCCO2)n(C)c1=O
(±)-Isoproterenol hydrochloride,
L-Dopa ethyl ester,
Oxotremorine methiodide,C[N+](C)(C)CC#CCN1CCCC1=O.[I-]
CCCI-01,
Nilutamide,CC1(C)NC(=O)N(c2ccc([N+](=O)[O-])c(C(F)(F)F)c2)C1=O
Tyrphostin 1,COc1ccc(C=C(C#N)C#N)cc1
Furafylline,Cc1nc2c([nH]1)c(=O)n(C)c(=O)n2Cc1ccco1
Aniracetam,COc1ccc(C(=O)N2CCCC2=O)cc1
Cinoxacin,CCn1nc(C(=O)O)c(=O)c2cc3c(cc21)OCO3
5-(N-Ethyl-N-isopropyl)amiloride,CCN(c1nc(N)c(C(=O)NC(=N)N)nc1Cl)C(C)C
Haloperidol,O=C(CCCN1CCC(O)(c2ccc(Cl)cc2)CC1)c1ccc(F)cc1
Celiprolol hydrochloride,CCN(CC)C(=O)Nc1ccc(OCC(O)CNC(C)(C)C)c(C(C)=O)c1.Cl
Trimipramine maleate,CC(CN(C)C)CN1c2ccccc2CCc2ccccc21.O=C(O)/C=C\C(=O)O
Naltrexone hydrochloride,Cl.O=C1CC[C@@]2(O)[C@H]3Cc4ccc(O)c5c4[C@@]2(CCN3CC2CC2)[C@H]1O5
Cilostazol,O=C1CCc2cc(OCCCCc3nnnn3C3CCCCC3)ccc2N1
13-cis-retinoic acid,
MCC-555,
Urapidil hydrochloride,COc1ccccc1N1CCN(CCCNc2cc(=O)n(C)c(=O)n2C)CC1.Cl
BAY 61-3606 hydrochloride hydrate,
Nimesulide,CS(=O)(=O)Nc1ccc([N+](=O)[O-])cc1Oc1ccccc1
N-Oleoylethanolamine,
Hexamethonium dichloride,
"4-Amino-1,8-naphthalimide",
NSC405020,
SGC-AAK1-1N,
Tulobuterol hydrochloride,CC(C)(C)NCC(O)c1ccccc1Cl.Cl
8-(p-Sulfophenyl)theophylline,
R(+)-Butylindazone,
Diphenyleneiodonium chloride,[Cl-].c1ccc2c(c1)[I+]c1ccccc1-2
Xylazine hydrochloride,Cc1cccc(C)c1NC1=NCCCS1.Cl
"L-Glutamic acid, N-phthaloyl-",
8-Methoxymethyl-3-isobutyl-1-methylxanthine,
"Hexahydro-sila-difenidol hydrochloride, p-fluoro analog",
(±)-Sotalol hydrochloride,
Teriflunomide,C/C(O)=C(\C#N)C(=O)Nc1ccc(C(F)(F)F)cc1
KU-55933,O=c1cc(-c2cccc3c2Sc2ccccc2S3)oc(N2CCOCC2)c1
Imazodan,O=C1CCC(c2ccc(-n3ccnc3)cc2)=NN1
Imipenem monohydrate,
"1,3-Dimethyl-8-phenylxanthine",
Tolbutamide,CCCCNC(=O)NS(=O)(=O)c1ccc(C)cc1
Galloflavin potassium,
NBQX disodium,
Prochlorperazine dimaleate,
N-Phenylanthranilic acid,
ZCZ011,
Methiothepin mesylate,CS(=O)(=O)O.CSc1ccc2c(c1)C(N1CCN(C)CC1)Cc1ccccc1S2
Hexamethonium bromide,C[N+](C)(C)CCCCCC[N+](C)(C)C.[Br-].[Br-]
"8-Cyclopentyl-1,3-dimethylxanthine",
Trihexyphenidyl hydrochloride,Cl.OC(CCN1CCCCC1)(c1ccccc1)C1CCCCC1
Entecavir,C=C1[C@H](CO)[C@@H](O)C[C@@H]1n1cnc2c(=O)[nH]c(N)nc21.O
Centrophenoxine hydrochloride,CN(C)CCOC(=O)COc1ccc(Cl)cc1.Cl
Amitriptyline hydrochloride,CN(C)CCC=C1c2ccccc2CCc2ccccc21.Cl
Varespladib,CCc1c(C(=O)C(N)=O)c2c(OCC(=O)O)cccc2n1Cc1ccccc1
Ro 04-6790 dihydrochloride,
Tetraisopropyl pyrophosphoramide,CC(C)NP(=O)(NC(C)C)OP(=O)(NC(C)C)NC(C)C
A-77636 hydrochloride,
Iofetamine hydrochloride,CC(C)NC(C)Cc1ccc(I)cc1.Cl
AMG 9810,
Brinzolamide,CCN[C@H]1CN(CCCOC)S(=O)(=O)c2sc(S(N)(=O)=O)cc21
Ziprasidone hydrochloride monohydrate,
NSC 617145,
"L-701,324",
SB-525334,
Zanamivir,CC(=O)N[C@H]1[C@H]([C@H](O)[C@H](O)CO)OC(C(=O)O)=C[C@@H]1NC(=N)N
Trifluoperazine dihydrochloride,
"5-(N,N-hexamethylene)amiloride",
"6-Methoxy-1,2,3,4-tetrahydro-9H-pyrido[3,4b] indole",
Oxolinic acid,CCn1cc(C(=O)O)c(=O)c2cc3c(cc21)OCO3
RN-9893,
Propionylpromazine hydrochloride,CCC(=O)c1ccc2c(c1)N(CCCN(C)C)c1ccccc1S2.Cl
DL-Thiorphan,
"1,10-Phenanthroline monohydrate",
Memantine hydrochloride,CC12CC3CC(C)(C1)CC(N)(C3)C2.Cl
Clonixin,Cc1c(Cl)cccc1Nc1ncccc1C(=O)O
Clofibrate,CCOC(=O)C(C)(C)Oc1ccc(Cl)cc1
Neostigmine bromide,CN(C)C(=O)Oc1cccc([N+](C)(C)C)c1.[Br-]
N-Methyl-beta-carboline-3-carboxamide,
Maprotiline hydrochloride,CNCCCC12CCC(c3ccccc31)c1ccccc12.Cl
Propofol,CC(C)c1cccc(C(C)C)c1O
Demeclocycline hydrochloride,CN(C)[C@@H]1C(O)=C(C(N)=O)C(=O)[C@@]2(O)C(O)=C3C(=O)c4c(O)ccc(Cl)c4[C@@H](O)[C@H]3C[C@@H]12.Cl
Leflunomide,Cc1oncc1C(=O)Nc1ccc(C(F)(F)F)cc1
D3-βArr,
T0070907,
Phenserine,CN1CC[C@@]2(C)c3cc(OC(=O)Nc4ccccc4)ccc3N(C)[C@@H]12
CYM-5520,
Amsacrine hydrochloride,COc1cc(NS(C)(=O)=O)ccc1Nc1c2ccccc2nc2ccccc12.Cl
NO-711 hydrochloride,
BAY 41-8543,
Milrinone,Cc1[nH]c(=O)c(C#N)cc1-c1ccncc1
Cambinol,O=c1[nH]c(=S)[nH]c(-c2ccccc2)c1Cc1c(O)ccc2ccccc12
Macelignan,
Clevidipine Butyrate,
SAR-20347,
ML324,
Cyproheptadine hydrochloride,CN1CCC(=C2c3ccccc3C=Cc3ccccc32)CC1.Cl
(+)-Hydrastine,
"1,3-Dipropyl-7-methylxanthine",
Steviol,C=C1C[C@@]23CC[C@H]4[C@@](C)(CCC[C@@]4(C)C(=O)O)[C@@H]2CC[C@]1(O)C3
Primidone,CCC1(c2ccccc2)C(=O)NCNC1=O
Vanillic acid diethylamide,
Tazarotene,CCOC(=O)c1ccc(C#Cc2ccc3c(c2)C(C)(C)CCS3)nc1
Cetirizine dihydrochloride,
Tienilic acid,
Procainamide hydrochloride,CCN(CC)CCNC(=O)c1ccc(N)cc1.Cl
(±)-Ibuprofen,
Alaproclate hydrochloride,CC(N)C(=O)OC(C)(C)Cc1ccc(Cl)cc1.Cl
Pinacidil,CC(N/C(=N\C#N)Nc1ccncc1)C(C)(C)C.O
Nitisinone,O=C1CCCC(=O)C1C(=O)c1ccc(C(F)(F)F)cc1[N+](=O)[O-]
CX614,
Zaprinast,CCCOc1ccccc1-c1nc2[nH]nnc2c(=O)[nH]1
Roslin 2,
Ro 41-0960,
IR415,
Prilocaine hydrochloride,CCCNC(C)C(=O)Nc1ccccc1C.Cl
Suprofen,CC(C(=O)O)c1ccc(C(=O)c2cccs2)cc1
CR 2249,
CL075,
Nocodazole,COC(=O)Nc1nc2cc(C(=O)c3cccs3)ccc2[nH]1
(-)-Quinpirole hydrochloride,
Diclofenac sodium,O=C([O-])Cc1ccccc1Nc1c(Cl)cccc1Cl.[Na+]
Yoda1,
NNGH,
Olprinone hydrochloride,
Niclosamide,O=C(Nc1ccc([N+](=O)[O-])cc1Cl)c1cc(Cl)ccc1O
S(-)-Timolol maleate,
6-Hydroxymelatonin,
S(+)-Ibuprofen,
Meclofenamic acid sodium,
Benzamil hydrochloride,Cl.N/C(=N\C(=O)c1nc(Cl)c(N)nc1N)NCc1ccccc1
"Quipazine, 6-nitro-, maleate",
Tyrphostin 51,N#CC(C#N)=C(N)/C(C#N)=C/c1cc(O)c(O)c(O)c1
"9-Amino-1,2,3,4-tetrahydroacridine hydrochloride",
Cirazoline hydrochloride,Cl.c1ccc(C2CC2)c(OCC2=NCCN2)c1
6(5H)-Phenanthridinone,
GW9662,
Bupropion hydrochloride,CC(NC(C)(C)C)C(=O)c1cccc(Cl)c1.Cl
Isotharine mesylate,
Clorgyline hydrochloride,C#CCN(C)CCCOc1ccc(Cl)cc1Cl.Cl
Procaine hydrochloride,CCN(CC)CCOC(=O)c1ccc(N)cc1.Cl
Pentoxifylline,CC(=O)CCCCn1c(=O)c2c(ncn2C)n(C)c1=O
Tetrahydrozoline hydrochloride,Cl.c1ccc2c(c1)CCCC2C1=NCCN1
Bay 11-7085,
ANA-12,
U-101958 maleate,
Leukadherin-1,
Disopyramide phosphate,CC(C)N(CCC(C(N)=O)(c1ccccc1)c1ccccn1)C(C)C.O=P(O)(O)O
Carboprost tromethamine,CCCCC[C@](C)(O)/C=C/[C@@H]1[C@@H](C/C=C\CCCC(=O)O)[C@@H](O)C[C@H]1O.NC(CO)(CO)CO
Methysergide maleate,CC[C@@H](CO)NC(=O)[C@@H]1C=C2c3cccc4c3c(cn4C)C[C@H]2N(C)C1.O=C(O)/C=C\C(=O)O
CGS-15943,Nc1nc2ccc(Cl)cc2c2nc(-c3ccco3)nn12
SGC-AAK1-1,
Progesterone,CC(=O)[C@H]1CC[C@H]2[C@@H]3CCC4=CC(=O)CC[C@]4(C)[C@H]3CC[C@]12C
Perphenazine,OCCN1CCN(CCCN2c3ccccc3Sc3ccc(Cl)cc32)CC1
Disopyramide,CC(C)N(CCC(C(N)=O)(c1ccccc1)c1ccccn1)C(C)C
Niflumic acid,O=C(O)c1cccnc1Nc1cccc(C(F)(F)F)c1
Pivmecillinam,
Autophinib,
Aurintricarboxylic acid,O=C(O)C1=CC(=C(c2ccc(O)c(C(=O)O)c2)c2ccc(O)c(C(=O)O)c2)C=CC1=O
Noscapine hydrchloride,
Trifluperidol hydrochloride,Cl.O=C(CCCN1CCC(O)(c2cccc(C(F)(F)F)c2)CC1)c1ccc(F)cc1
Glipizide,Cc1cnc(C(=O)NCCc2ccc(S(=O)(=O)NC(=O)NC3CCCCC3)cc2)cn1
6-Methyl-2-(phenylethynyl)pyridine hydrochloride,
Clotrimazole,Clc1ccccc1C(c1ccccc1)(c1ccccc1)n1ccnc1
Pt-ttpy,
NADPH tetrasodium,
"3-alpha,21-Dihydroxy-5-alpha-pregnan-20-one",
Efaroxan hydrochloride,CCC1(C2=NCCN2)Cc2ccccc2O1.Cl
Podophyllotoxin,
Ketanserin tartrate,O=C(O)C(O)C(O)C(=O)O.O=C(c1ccc(F)cc1)C1CCN(CCn2c(=O)[nH]c3ccccc3c2=O)CC1
"Urapidil, 5-Methyl-",
"(-)-Scopolamine,n-Butyl-, bromide",
Biperiden hydrochloride,Cl.OC(CCN1CCCCC1)(c1ccccc1)C1CC2C=CC1C2
Triamcinolone,C[C@]12C=CC(=O)C=C1CC[C@H]1[C@@H]3C[C@@H](O)[C@](O)(C(=O)CO)[C@@]3(C)C[C@H](O)[C@@]12F
Aminobenztropine,CN1[C@@H]2CC[C@H]1C[C@@H](OC(c1ccccc1)c1ccccc1N)C2
SR 59230A oxalate,
Loratadine,CCOC(=O)N1CCC(=C2c3ccc(Cl)cc3CCc3cccnc32)CC1
Propafenone hydrochloride,CCCNCC(O)COc1ccccc1C(=O)CCc1ccccc1.Cl
Dapagliflozin,CCOc1ccc(Cc2cc([C@@H]3O[C@H](CO)[C@@H](O)[C@H](O)[C@H]3O)ccc2Cl)cc1
Buspirone hydrochloride,Cl.O=C1CC2(CCCC2)CC(=O)N1CCCCN1CCN(c2ncccn2)CC1
FPL 64176,
Cefsulodin sodium salt hydrate,NC(=O)c1cc[n+](CC2=C(C(=O)[O-])N3C(=O)[C@@H](NC(=O)C(c4ccccc4)S(=O)(=O)[O-])[C@H]3SC2)cc1.O.[Na+]
4-DAMP methiodide,
SirReal2,
Loxiglumide,CCCCCN(CCCOC)C(=O)C(CCC(=O)O)NC(=O)c1ccc(Cl)c(Cl)c1
Pregnenolone sulfate sodium,CC(=O)[C@H]1CC[C@H]2[C@@H]3CC=C4C[C@@H](OS(=O)(=O)[O-])CC[C@]4(C)[C@H]3CC[C@]12C.[Na+]
GW9508,O=C(O)CCc1ccc(NCc2cccc(Oc3ccccc3)c2)cc1
Nimodipine,COCCOC(=O)C1=C(C)NC(C)=C(C(=O)OC(C)C)C1c1cccc([N+](=O)[O-])c1
"L-732,138",
Clemastine fumarate,CN1CCC[C@@H]1CCO[C@](C)(c1ccccc1)c1ccc(Cl)cc1.O=C(O)/C=C/C(=O)O
YS-035 hydrochloride,
Isavuconazole,C[C@@H](c1nc(-c2ccc(C#N)cc2)cs1)[C@](O)(Cn1cncn1)c1cc(F)ccc1F
Droperidol,O=C(CCCN1CC=C(n2c(=O)[nH]c3ccccc32)CC1)c1ccc(F)cc1
Thioridazine hydrochloride,CSc1ccc2c(c1)N(CCC1CCCCN1C)c1ccccc1S2.Cl
CX 546,
R(+)-3PPP hydrochloride,
Efavirenz,O=C1Nc2ccc(Cl)cc2[C@@](C#CC2CC2)(C(F)(F)F)O1
S 24795,
PNU-282987,O=C(N[C@H]1CN2CCC1CC2)c1ccc(Cl)cc1
1-(5-Isoquinolinylsulfonyl)-2-methylpiperazine dihydrochloride,
Lonidamine,O=C(O)c1nn(Cc2ccc(Cl)cc2Cl)c2ccccc12
Quinelorane dihydrochloride,
L2-b,
S(-)-3PPP hydrochloride,
Piceatannol,Oc1cc(O)cc(/C=C/c2ccc(O)c(O)c2)c1
Sematilide monohydrochloride monohydrate,
Famciclovir,CC(=O)OCC(CCn1cnc2cnc(N)nc21)COC(C)=O
Daidzein,O=c1c(-c2ccc(O)cc2)coc2cc(O)ccc12
SP600125,
SB 204741,
Cefazolin sodium,Cc1nnc(SCC2=C(C(=O)[O-])N3C(=O)[C@@H](NC(=O)Cn4cnnn4)[C@H]3SC2)s1.[Na+]
Cyclothiazide,NS(=O)(=O)c1cc2c(cc1Cl)NC(C1CC3C=CC1C3)NS2(=O)=O
erythro-9-(2-Hydroxy-3-nonyl)adenine hydrochloride,
Br-PBTC,
BRL 54443 maleate,
Metoclopramide hydrochloride,CCN(CC)CCNC(=O)c1cc(Cl)c(N)cc1OC.Cl.O
Nefiracetam,Cc1cccc(C)c1NC(=O)CN1CCCC1=O
(±)-Atenolol,
SKF-89145 hydrobromide,
(-)-Naproxen sodium,
Diethylenetriaminepentaacetic acid,
Ibudilast,CC(C)C(=O)c1c(C(C)C)nn2ccccc12
PPADS,
Na-p-Tosyl-L-lysine chloromethyl ketone hydrochloride,
Naphazoline hydrochloride,Cl.c1ccc2c(CC3=NCCN3)cccc2c1
Dipropyldopamine hydrobromide,Br.CCCN(CCC)CCc1ccc(O)c(O)c1
Emodin,Cc1cc(O)c2c(c1)C(=O)c1cc(O)cc(O)c1C2=O
3-MFA,
EGTA,
Meloxicam sodium,Cc1cnc(NC(=O)C2=C([O-])c3ccccc3S(=O)(=O)N2C)s1.[Na+]
SIB 1893,
Methapyrilene hydrochloride,CN(C)CCN(Cc1cccs1)c1ccccn1.Cl
Tolazamide,Cc1ccc(S(=O)(=O)NC(=O)NN2CCCCCC2)cc1
Luliconazole,N#C/C(=C1/SC[C@@H](c2ccc(Cl)cc2Cl)S1)n1ccnc1
Succinylcholine chloride,C[N+](C)(C)CCOC(=O)CCC(=O)OCC[N+](C)(C)C.[Cl-].[Cl-]
McN-A-343,
S(-)-Atenolol,
"7,8-Dihydroxyflavone hydrate",
Trimethoprim,COc1cc(Cc2cnc(N)nc2N)cc(OC)c1OC
Lidocaine hydrochloride,CCN(CC)CC(=O)Nc1c(C)cccc1C.Cl.O
KINK-1 hydrochloride,
Arbidol hydrochloride,
Mitoxantrone,O=C1c2c(O)ccc(O)c2C(=O)c2c(NCCNCCO)ccc(NCCNCCO)c21
TMB-8 hydrochloride,
Doxycycline hydrochloride,C[C@H]1c2cccc(O)c2C(=O)C2=C(O)[C@]3(O)C(=O)C(C(N)=O)=C(O)[C@@H](N(C)C)[C@@H]3[C@@H](O)[C@@H]21.Cl
SRS11-92,
U-69593,CN(C(=O)Cc1ccccc1)[C@H]1CC[C@@]2(CCCO2)C[C@@H]1N1CCCC1
AGK2,
Caroverine hydrochloride,
BAY-6035,
alpha-Lobeline hydrochloride,
MS012,
"7-Cyclopentyl-5-(4-phenoxy)phenyl-7H-pyrrolo[2,3-d]pyrimidin-4-ylamine",
GSK1210151A,
"L-165,041",
Rotenone,C=C(C)[C@H]1Cc2c(ccc3c2O[C@@H]2COc4cc(OC)c(OC)cc4[C@@H]2C3=O)O1
GW2974,
Vinpocetine,CCOC(=O)C1=C[C@]2(CC)CCCN3CCc4c(n1c1ccccc41)[C@@H]32
BC-LI-0186,
Salirasib,CC(C)=CCC/C(C)=C/CC/C(C)=C/CSc1ccccc1C(=O)O
XCT790,
ZD 7114 hydrochloride,
Betamethasone,C[C@H]1C[C@H]2[C@@H]3CCC4=CC(=O)C=C[C@]4(C)[C@@]3(F)[C@@H](O)C[C@]2(C)[C@@]1(O)C(=O)CO
ML240,
Oxybutynin Chloride,CCN(CC)CC#CCOC(=O)C(O)(c1ccccc1)C1CCCCC1.Cl
Lorglumide sodium,CCCCCN(CCCCC)C(=O)C(CCC(=O)[O-])NC(=O)c1ccc(Cl)c(Cl)c1.[Na+]
ML162,
Ro 25-6981 hydrochloride,
Eprosartan mesylate,CCCCc1ncc(/C=C(\Cc2cccs2)C(=O)O)n1Cc1ccc(C(=O)O)cc1.CS(=O)(=O)O
Dasatinib,Cc1nc(Nc2ncc(C(=O)Nc3c(C)cccc3Cl)s2)cc(N2CCN(CCO)CC2)n1.O
S119-8,
XL388,
Canrenone,C[C@]12CCC(=O)C=C1C=C[C@@H]1[C@@H]2CC[C@@]2(C)[C@H]1CC[C@@]21CCC(=O)O1
Topotecan hydrochloride hydrate,
Thiocolchicine,COc1cc2c(c(OC)c1OC)-c1ccc(SC)c(=O)cc1[C@@H](NC(C)=O)CC2
U-62066,
Darglitazone sodium salt,
Tirofiban hydrochloride monohydrate,
Aprepitant,C[C@@H](O[C@H]1OCCN(Cc2n[nH]c(=O)[nH]2)[C@H]1c1ccc(F)cc1)c1cc(C(F)(F)F)cc(C(F)(F)F)c1
SGC-iMLLT,
Fluphenazine dihydrochloride,
Lorcainide hydrochloride,CC(C)N1CCC(N(C(=O)Cc2ccccc2)c2ccc(Cl)cc2)CC1.Cl
SR-58611A,
Diltiazem hydrochloride,COc1ccc([C@@H]2Sc3ccccc3N(CCN(C)C)C(=O)[C@@H]2OC(C)=O)cc1.Cl
Acetohexamide,CC(=O)c1ccc(S(=O)(=O)NC(=O)NC2CCCCC2)cc1
(±)-Sulpiride,
loxoprofen,CC(C(=O)O)c1ccc(CC2CCCC2=O)cc1
ML-7,
Apigenin,O=c1cc(-c2ccc(O)cc2)oc2cc(O)cc(O)c12
Cefaclor,N[C@@H](C(=O)N[C@@H]1C(=O)N2C(C(=O)O)=C(Cl)CS[C@H]12)c1ccccc1.O
SU 5416,
(-)-Sulpiride,
N-Acetylprocainamide hydrochloride,
BF-170 hydrochloride,
Agomelatine,COc1ccc2cccc(CCNC(C)=O)c2c1
Carbamazepine,NC(=O)N1c2ccccc2C=Cc2ccccc21
beta-Lapachone,
Genistein,O=c1c(-c2ccc(O)cc2)coc2cc(O)cc(O)c12
Sulfaphenazole,Nc1ccc(S(=O)(=O)Nc2ccnn2-c2ccccc2)cc1
Ketorolac tris salt,
SB 200646 hydrochloride,
Morin,O=c1c(O)c(-c2ccc(O)cc2O)oc2cc(O)cc(O)c12
Ro 20-1724,
Epalrestat,CC(/C=C1\SC(=S)N(CC(=O)O)C1=O)=C\c1ccccc1
Cefmetazole sodium,CO[C@@]1(NC(=O)CSCC#N)C(=O)N2C(C(=O)[O-])=C(CSc3nnnn3C)CS[C@@H]21.[Na+]
Furegrelate sodium,O.O=C([O-])c1cc2cc(Cc3cccnc3)ccc2o1.[Na+]
MKC-733,
BRD3308,
"5,5-Diphenylhydantoin",
Flupirtine maleate,CCOC(=O)Nc1ccc(NCc2ccc(F)cc2)nc1N.O=C(O)/C=C\C(=O)O
Flumazenil,CCOC(=O)c1ncn2c1CN(C)C(=O)c1cc(F)ccc1-2
Rizatriptan benzoate salt,
MRS 2159,
SR-95531,
Fluvoxamine maleate,COCCCC/C(=N\OCCN)c1ccc(C(F)(F)F)cc1.O=C(O)/C=C\C(=O)O
Domperidone,O=c1[nH]c2ccccc2n1CCCN1CCC(n2c(=O)[nH]c3cc(Cl)ccc32)CC1
SCH-202676 hydrobromide,
S(+)-Raclopride L-tartrate,
Ro 11-1464,
Remodelin hydrobromide,
Isoliquiritigenin,O=C(/C=C/c1ccc(O)cc1)c1ccc(O)cc1O
CCT007093,
Quercetin dihydrate,O.O=c1c(O)c(-c2ccc(O)c(O)c2)oc2cc(O)cc(O)c12
Azoramide,
Lubeluzole dihydrochloride,
Capecitabine,CCCCCOC(=O)Nc1nc(=O)n([C@@H]2O[C@H](C)[C@@H](O)[C@H]2O)cc1F
ES24,
(±)-Taxifolin,
(-)-Physostigmine,
VU0420373,
Fenspiride hydrochloride,Cl.O=C1NCC2(CCN(CCc3ccccc3)CC2)O1
2-Phenylaminoadenosine,
Kenpaullone,O=C1Cc2c([nH]c3ccc(Br)cc23)-c2ccccc2N1
BRD6989,
Y-39983 dihydrochloride,
KEA1-97,
SB-366791,
A-68930 hydrochloride,
Icilin,
Zimelidine dihydrochloride,CN(C)C/C=C(/c1ccc(Br)cc1)c1cccnc1.Cl.Cl
Imperatorin,
CCG-50014,
Lansoprazole,Cc1c(OCC(F)(F)F)ccnc1C[S+]([O-])c1nc2ccccc2[nH]1
5-Nitro-2-(3-phenylpropylamino)benzoic acid,
Cefotaxime sodium,CO/N=C(\C(=O)N[C@@H]1C(=O)N2C(C(=O)[O-])=C(COC(C)=O)CS[C@H]12)c1csc(N)n1.[Na+]
Thioperamide maleate,O=C(O)/C=C\C(=O)O.S=C(NC1CCCCC1)N1CCC(c2cnc[nH]2)CC1
SJ000291942,
Alprenolol hydrochloride,C=CCc1ccccc1OCC(O)CNC(C)C.Cl
Piribedil maleate,
NS-1619,
Tetracaine hydrochloride,CCCCNc1ccc(C(=O)OCCN(C)C)cc1.Cl
Fluorizoline,
GR 55562 dihydrobromide,
Cyproterone acetate,CC(=O)O[C@]1(C(C)=O)CC[C@H]2[C@@H]3C=C(Cl)C4=CC(=O)[C@@H]5C[C@@H]5[C@]4(C)[C@H]3CC[C@@]21C
PD153035 hydrochloride,
DMH4,
BW 723C86,
"1,3,5-tris(4-hydroxyphenyl)-4-propyl-1H-pyrazole",
IMID-4F hydrochloride,
JW74,
Kyotorphin acetate salt,
CYM50769,
Epinastine hydrochloride,Cl.NC1=NCC2c3ccccc3Cc3ccccc3N12
Bexarotene,C=C(c1ccc(C(=O)O)cc1)c1cc2c(cc1C)C(C)(C)CCC2(C)C
Cephalothin sodium,CC(=O)OCC1=C(C(=O)[O-])N2C(=O)[C@@H](NC(=O)Cc3cccs3)[C@H]2SC1.[Na+]
Propantheline bromide,CC(C)[N+](C)(CCOC(=O)C1c2ccccc2Oc2ccccc21)C(C)C.[Br-]
EMPA,
Atreleuton,C[C@H](C#Cc1ccc(Cc2ccc(F)cc2)s1)N(O)C(N)=O
Torin2,
TTNPB,
SDZ 220-581 hydrochloride,
Nestorone,
(-)-JQ1,
Opipramol dihydrochloride,
Amlexanox,CC(C)c1ccc2oc3nc(N)c(C(=O)O)cc3c(=O)c2c1
GW5074,
Spiperone hydrochloride,Cl.O=C(CCCN1CCC2(CC1)C(=O)NCN2c1ccccc1)c1ccc(F)cc1
Indatraline hydrochloride,CN[C@@H]1C[C@@H](c2ccc(Cl)c(Cl)c2)c2ccccc21.Cl
Donitriptan monohydrochloride,
TH-257,
Suprafenacine,
Minocycline hydrochloride,CN(C)c1ccc(O)c2c1C[C@H]1C[C@H]3[C@H](N(C)C)C(O)=C(C(N)=O)C(=O)[C@@]3(O)C(O)=C1C2=O.Cl
XMD8-87,
SB 415286,
Adaphostin,
Lumateperone tosylate,CN1CCN2c3c(cccc31)[C@@H]1CN(CCCC(=O)c3ccc(F)cc3)CC[C@@H]12.Cc1ccc(S(=O)(=O)O)cc1
cis-(Z)-Flupenthixol dihydrochloride,
Paromomycin sulfate,NC[C@@H]1O[C@H](O[C@H]2[C@@H](O)[C@H](O[C@@H]3[C@@H](O)[C@H](N)C[C@H](N)[C@H]3O[C@H]3O[C@H](CO)[C@@H](O)[C@H](O)[C@H]3N)O[C@@H]2CO)[C@H](N)[C@@H](O)[C@@H]1O.O=S(=O)(O)O
Nomifensine maleate,CN1Cc2c(N)cccc2C(c2ccccc2)C1.O=C(O)/C=C\C(=O)O
ML277,
8-(3-Chlorostyryl)caffeine,
Metolazone,Cc1ccccc1N1C(=O)c2cc(S(N)(=O)=O)c(Cl)cc2NC1C
AZ191,
Cortisone 21-acetate,
CGS-21680 hydrochloride,
Carvedilol,COc1ccccc1OCCNCC(O)COc1cccc2[nH]c3ccccc3c12
Tiapride hydrochloride,CCN(CC)CCNC(=O)c1cc(S(C)(=O)=O)ccc1OC.Cl
BPTES,
BIO,
HA155,
E-64,CC(C)C[C@H](NC(=O)[C@H]1O[C@@H]1C(=O)O)C(=O)NCCCCN=C(N)N
Phosphoramidon disodium,CC(C)C[C@H](NP(=O)([O-])O[C@H]1O[C@H](C)[C@@H](O)[C@H](O)[C@@H]1O)C(=O)N[C@@H](Cc1c[nH]c2ccccc12)C(=O)[O-].[Na+].[Na+]
ARL 67156 trisodium salt,
Doxazosin mesylate,COc1cc2nc(N3CCN(C(=O)C4COc5ccccc5O4)CC3)nc(N)c2cc1OC.CS(=O)(=O)O
"2,6-Difluoro-4-[2-(phenylsulfonylamino)ethylthio]phenoxyacetamide",
"ICI 204,448 hydrochloride",
(+)-MK-801 hydrogen maleate,
SB 674042,
SC 19220,
Ketoprofen,CC(C(=O)O)c1cccc(C(=O)c2ccccc2)c1
Wortmannin from Penicillium funiculosum,
MRS 1523,
Paliperidone,Cc1nc2n(c(=O)c1CCN1CCC(c3noc4cc(F)ccc34)CC1)CCCC2O
CGP 20712A methanesulfonate,
Iloperidone,COc1cc(C(C)=O)ccc1OCCCN1CCC(c2noc3cc(F)ccc23)CC1
CRANAD 2,
Tyrphostin AG 538,
UNC0379 trifluoroacetate salt,
Quinacrine dihydrochloride,CCN(CC)CCCC(C)Nc1c2ccc(Cl)cc2nc2ccc(OC)cc12.Cl.Cl
Glybenclamide,
SKF-525A hydrochloride,
Palmitoyl-DL-Carnitine chloride,
MK6-83,
Cephradine,CC1=C(C(=O)O)N2C(=O)[C@@H](NC(=O)[C@H](N)C3=CCC=CC3)[C@H]2SC1
(S)-Propranolol hydrochloride,CC(C)NC[C@H](O)COc1cccc2ccccc12.Cl
Caffeic acid phenethyl ester,O=C(/C=C/c1ccc(O)c(O)c1)OCCc1ccccc1
Moxisylyte hydrochloride,CC(=O)Oc1cc(C(C)C)c(OCCN(C)C)cc1C.Cl
(+)-Chlorpheniramine maleate,
SJB3-019A,
(+)-Brompheniramine maleate,
Bestatin hydrochloride,CC(C)C[C@H](NC(=O)[C@@H](O)[C@H](N)Cc1ccccc1)C(=O)O.Cl
SCH-28080,
GSK8612,
"8-Cyclopentyl-1,3-dipropylxanthine",
Sertraline hydrochloride,CN[C@H]1CC[C@@H](c2ccc(Cl)c(Cl)c2)c2ccccc21.Cl
SB 206553 hydrochloride,
ML396,
TMPH hydrochloride,
Decamethonium dibromide,
Oxymetazoline hydrochloride,Cc1cc(C(C)(C)C)c(O)c(C)c1CC1=NCCN1.Cl
BIA 2-093,
Ropinirole hydrochloride,CCCN(CCC)CCc1cccc2c1CC(=O)N2.Cl
Gigantol,COc1cc(O)cc(CCc2ccc(O)c(OC)c2)c1
Rofecoxib,CS(=O)(=O)c1ccc(C2=C(c3ccccc3)C(=O)OC2)cc1
R-(+)-8-Hydroxy-DPAT hydrobromide,
RepSox,
DL-Homatropine hydrobromide,
GSK137647A,
Artemether,CO[C@H]1O[C@@H]2O[C@@]3(C)CC[C@H]4[C@H](C)CC[C@@H]([C@H]1C)[C@@]24OO3
DC_AC50,
CyPPA,
Ellipticine,
Ro 61-8048,
Rolipram,COc1ccc(C2CNC(=O)C2)cc1OC1CCCC1
NS5806,
(±)-Chlorpheniramine maleate,
XMU-MP-1 hydrochloride,
Xylometazoline hydrochloride,Cc1cc(C(C)(C)C)cc(C)c1CC1=NCCN1.Cl
Lidocaine N-ethyl bromide quaternary salt,
Brefeldin A from Penicillium brefeldianum,
YM 976,
Amoxapine,Clc1ccc2c(c1)C(N1CCNCC1)=Nc1ccccc1O2
TCPOBOP,
Oseltamivir phosphate,CCOC(=O)C1=C[C@@H](OC(CC)CC)[C@H](NC(C)=O)[C@@H](N)C1.O=P(O)(O)O
Pheniramine maleate,CN(C)CCC(c1ccccc1)c1ccccn1.O=C(O)/C=C\C(=O)O
CP466722,
SU1498,
IITZ-01,
Linopirdine,O=C1N(c2ccccc2)c2ccccc2C1(Cc1ccncc1)Cc1ccncc1
GYKI 52466 hydrochloride,
Metergoline,CN1C[C@H](CNC(=O)OCc2ccccc2)C[C@@H]2c3cccc4c3c(cn4C)C[C@H]21
VU0155072,
JNJ-40418677,
Bepridil hydrochloride,CC(C)COCC(CN(Cc1ccccc1)c1ccccc1)N1CCCC1.Cl.O
BRD5529,
Udenafil,CCCOc1ccc(S(=O)(=O)NCCC2CCCN2C)cc1-c1nc2c(CCC)nn(C)c2c(=O)[nH]1
Talnetant,CC[C@H](NC(=O)c1c(O)c(-c2ccccc2)nc2ccccc12)c1ccccc1
WAY-100635 maleate,
(+)-Butaclamol hydrochloride,
NAV-2729,
SANT-2,
MRK-740,
Idarubicin,CC(=O)[C@]1(O)Cc2c(O)c3c(c(O)c2[C@@H](O[C@H]2C[C@H](N)[C@H](O)[C@H](C)O2)C1)C(=O)c1ccccc1C3=O
Tamoxifen citrate,CC/C(=C(\c1ccccc1)c1ccc(OCCN(C)C)cc1)c1ccccc1.O=C(O)CC(O)(CC(=O)O)C(=O)O
Cinnarizine,C(=C/c1ccccc1)\CN1CCN(C(c2ccccc2)c2ccccc2)CC1
Cediranib,COc1cc2c(Oc3ccc4[nH]c(C)cc4c3F)ncnc2cc1OCCCN1CCCC1
Flunarizine dihydrochloride,Cl.Fc1ccc(C(c2ccc(F)cc2)N2CCN(C/C=C/c3ccccc3)CC2)cc1
Bepristat 1a,
Budesonide,CCCC1O[C@@H]2C[C@H]3[C@@H]4CCC5=CC(=O)C=C[C@]5(C)[C@H]4[C@@H](O)C[C@]3(C)[C@]2(C(=O)CO)O1
Spironolactone,CC(=O)S[C@@H]1CC2=CC(=O)CC[C@]2(C)[C@H]2CC[C@@]3(C)[C@@H](CC[C@@]34CCC(=O)O4)[C@H]12
CIQ,
IN-1130,
WZ4003,
Dipyridamole,OCCN(CCO)c1nc(N2CCCCC2)c2nc(N(CCO)CCO)nc(N3CCCCC3)c2n1
SB 222200,
JW55,
H2L5186303,
Dabigatran,Cn1c(CNc2ccc(C(=N)N)cc2)nc2cc(C(=O)N(CCC(=O)O)c3ccccn3)ccc21
Abiraterone acetate,CC(=O)O[C@H]1CC[C@@]2(C)C(=CC[C@@H]3[C@@H]2CC[C@]2(C)C(c4cccnc4)=CC[C@@H]32)C1
Nicardipine hydrochloride,COC(=O)C1=C(C)NC(C)=C(C(=O)OCCN(C)Cc2ccccc2)C1c1cccc([N+](=O)[O-])c1.Cl
GSK-650394,O=C(O)c1ccc(-c2c[nH]c3ncc(-c4ccccc4)cc23)cc1C1CCCC1
IMP-1700,
L-798106,
Sodium Taurocholate hydrate,
Amiodarone hydrochloride,CCCCc1oc2ccccc2c1C(=O)c1cc(I)c(OCCN(CC)CC)c(I)c1.Cl
Lomibuvir,CC(C)(C)C#Cc1cc(N(C(=O)[C@H]2CC[C@H](C)CC2)[C@H]2CC[C@H](O)CC2)c(C(=O)O)s1
RS504393,
HTH-01-015,
AZ6102,
CCT137690,
Hemicholinium-3,C[N+]1(C)CCOC(O)(c2ccc(-c3ccc(C4(O)C[N+](C)(C)CCO4)cc3)cc2)C1
Tamoxifen,CC/C(=C(\c1ccccc1)c1ccc(OCCN(C)C)cc1)c1ccccc1
Ranolazine dihydrochloride,
Chlorpromazine hydrochloride,CN(C)CCCN1c2ccccc2Sc2ccc(Cl)cc21.Cl
Fluoxetine hydrochloride,CNCCC(Oc1ccc(C(F)(F)F)cc1)c1ccccc1.Cl
Fenoterol hydrobromide,
S-(-)-Eticlopride hydrochloride,
U-99194A maleate,
Anisotropine methyl bromide,
Bumetanide,CCCCNc1cc(C(=O)O)cc(S(N)(=O)=O)c1Oc1ccccc1
Venlafaxine hydrochloride,COc1ccc(C(CN(C)C)C2(O)CCCCC2)cc1.Cl
Promethazine hydrochloride,CC(CN1c2ccccc2Sc2ccccc21)N(C)C.Cl
L-Hyoscyamine,
Nisoxetine hydrochloride,CNCCC(Oc1ccccc1OC)c1ccccc1.Cl
Pyr6,
3-Tropanyl-indole-3-carboxylate hydrochloride,
Olanzapine,Cc1cc2c(s1)Nc1ccccc1N=C2N1CCN(C)CC1
NS8593 hydrochloride,
Gardiquimod,CCNCc1nc2c(N)nc3ccccc3c2n1CC(C)(C)O.O=C(O)C(F)(F)F.O=C(O)C(F)(F)F
S 38093-2,
Tropicamide,CCN(Cc1ccncc1)C(=O)C(CO)c1ccccc1
Tomoxetine,
BWB70C,
rac BHFF,
S-(4-Nitrobenzyl)-6-thioinosine,
Alniditan dihydrochloride,Cl.Cl.c1ccc2c(c1)CC[C@H](CNCCCNC1=NCCCN1)O2
CGS-12066A maleate,
Naratriptan hydrochloride,CNS(=O)(=O)CCc1ccc2[nH]cc(C3CCN(C)CC3)c2c1.Cl
Antozoline hydrochloride,
Phentolamine mesylate,CS(=O)(=O)O.Cc1ccc(N(CC2=NCCN2)c2cccc(O)c2)cc1
Piperlongumine,
Diphenhydramine hydrochloride,CN(C)CCOC(c1ccccc1)c1ccccc1.Cl
Pitolisant hydrochloride,Cl.Clc1ccc(CCCOCCCN2CCCCC2)cc1
"1,3-Dipropyl-8-p-sulfophenylxanthine",
Atglistatin,
N-p-Tosyl-L-phenylalanine chloromethyl ketone,
Pyrilamine maleate,COc1ccc(CN(CCN(C)C)c2ccccn2)cc1.O=C(O)/C=C\C(=O)O
R(+)-SCH-23390 hydrochloride,
Lomefloxacin hydrochloride,CCn1cc(C(=O)O)c(=O)c2cc(F)c(N3CCNC(C)C3)c(F)c21.Cl
SID 3712249,
S-(+)-Fluoxetine hydrochloride,
JNJ-63533054,
Apomorphine hydrochloride hemihydrate,
Wiskostatin,CN(C)C[C@H](O)Cn1c2ccc(Br)cc2c2cc(Br)ccc21
SB 205384,
Doxylamine succinate,CN(C)CCOC(C)(c1ccccc1)c1ccccn1.O=C(O)CCC(=O)O
Promazine hydrochloride,CN(C)CCCN1c2ccccc2Sc2ccccc21.Cl
Etodolac,CCc1cccc2c3c([nH]c12)C(CC)(CC(=O)O)OCC3
Amisulpride,CCN1CCCC1CNC(=O)c1cc(S(=O)(=O)CC)c(N)cc1OC
OBAA,
Darunavir,CC(C)CN(C[C@@H](O)[C@H](Cc1ccccc1)NC(=O)O[C@H]1CO[C@H]2OCC[C@H]21)S(=O)(=O)c1ccc(N)cc1
Sodium Oxamate,NC(=O)C(=O)[O-].[Na+]
GW7647,CC(C)(Sc1ccc(CCN(CCCCC2CCCCC2)C(=O)NC2CCCCC2)cc1)C(=O)O
Ezatiostat,CCOC(=O)[C@@H](N)CCC(=O)N[C@@H](CSCc1ccccc1)C(=O)N[C@@H](C(=O)OCC)c1ccccc1
(±)-Methoxyverapamil hydrochloride,
S-(+)-PD 123177 trifluoroacetate salt hydrate,
Ouabain,C[C@@H]1O[C@@H](O[C@H]2C[C@@H](O)[C@]3(CO)[C@H]4[C@H](O)C[C@]5(C)[C@@H](C6=CC(=O)OC6)CC[C@]5(O)[C@@H]4CC[C@]3(O)C2)[C@H](O)[C@H](O)[C@H]1O
KT203,
BAY 60-7550,
Dofequidar fumarate,
N-Bromoacetamide,
BMS-195614,
Reactive Blue 2,Nc1c(S(=O)(=O)O)cc(Nc2ccc(Nc3nc(Cl)nc(Nc4cccc(S(=O)(=O)O)c4)n3)c(S(=O)(=O)O)c2)c2c1C(=O)c1ccccc1C2=O
Imatinib mesylate,CS(=O)(=O)O.Cc1ccc(NC(=O)c2ccc(CN3CCN(C)CC3)cc2)cc1Nc1nccc(-c2cccnc2)n1
CID2858522,
SNC80,
Cysteamine hydrochloride,Cl.NCCS
1G244,
Alclometasone dipropionate,CCC(=O)OCC(=O)[C@@]1(OC(=O)CC)[C@H](C)C[C@H]2[C@H]3[C@H]([C@@H](O)C[C@@]21C)[C@@]1(C)C=CC(=O)C=C1C[C@H]3Cl
Lumefantrine,CCCCN(CCCC)CC(O)c1cc(Cl)cc2c1-c1ccc(Cl)cc1/C2=C/c1ccc(Cl)cc1
Raloxifene hydrochloride,Cl.O=C(c1ccc(OCCN2CCCCC2)cc1)c1c(-c2ccc(O)cc2)sc2cc(O)ccc12
Loperamide hydrochloride,CN(C)C(=O)C(CCN1CCC(O)(c2ccc(Cl)cc2)CC1)(c1ccccc1)c1ccccc1.Cl
Cilengitide trifluoroacetic acid salt,
WWL113,
NVP-AEW541,
Etoposide,COc1cc([C@@H]2c3cc4c(cc3[C@@H](O[C@@H]3O[C@@H]5CO[C@@H](C)O[C@H]5[C@H](O)[C@H]3O)[C@H]3COC(=O)[C@H]23)OCO4)cc(OC)c1O
Iodoacetamide,NC(=O)CI
GSK1838705A,
"N,N-Dihexyl-2-(4-fluorophenyl)indole-3-acetamide",
NNC 55-0396,
Cilnidipine,COCCOC(=O)C1=C(C)NC(C)=C(C(=O)OC/C=C/c2ccccc2)C1c1cccc([N+](=O)[O-])c1
Buclizine dihydrochloride,
Diacylglycerol Kinase Inhibitor II,O=c1c2ccccc2[nH]c(=S)n1CCN1CCC(=C(c2ccc(F)cc2)c2ccc(F)cc2)CC1
Fluspirilene,O=C1NCN(c2ccccc2)C12CCN(CCCC(c1ccc(F)cc1)c1ccc(F)cc1)CC2
GBR-12909 dihydrochloride,
Lasofoxifene tartrate,O=C(O)C(O)C(O)C(=O)O.Oc1ccc2c(c1)CC[C@H](c1ccccc1)[C@@H]2c1ccc(OCCN2CCCC2)cc1
Benidipine hydrochloride,
"WIN 62,577",
GANT61,
Mibefradil dihydrochloride,COCC(=O)O[C@]1(CCN(C)CCCc2nc3ccccc3[nH]2)CCc2cc(F)ccc2[C@@H]1C(C)C.Cl.Cl
Calcimycin,CNc1ccc2oc(C[C@H]3O[C@@]4(CC[C@H]3C)O[C@H]([C@H](C)C(=O)c3ccc[nH]3)[C@H](C)C[C@H]4C)nc2c1C(=O)O
Indomethacin,COc1ccc2c(c1)c(CC(=O)O)c(C)n2C(=O)c1ccc(Cl)cc1
NBI 27914,
Clozapine,CN1CCN(C2=Nc3cc(Cl)ccc3Nc3ccccc32)CC1
MBX2546,
Nordihydroguaiaretic acid from Larrea divaricata (creosote bush),
Tyrphostin AG 879,CC(C)(C)c1cc(/C=C(\C#N)C(N)=S)cc(C(C)(C)C)c1O
Granisetron hydrochloride,CN1C2CCCC1CC(NC(=O)c1nn(C)c3ccccc13)C2.Cl
Efinaconazole,C=C1CCN([C@H](C)[C@](O)(Cn2cncn2)c2ccc(F)cc2F)CC1
Rutaecarpine,O=c1c2ccccc2nc2n1CCc1c-2[nH]c2ccccc12
SCH 58261,
Chlorcyclizine,CN1CCN(C(c2ccccc2)c2ccc(Cl)cc2)CC1
Loxapine succinate,CN1CCN(C2=Nc3ccccc3Oc3ccc(Cl)cc32)CC1.O=C(O)CCC(=O)O
TFCA,
Bicalutamide (CDX),
KY-05009,
Betaxolol hydrochloride,CC(C)NCC(O)COc1ccc(CCOCC2CC2)cc1.Cl
Ofloxacin,CC1COc2c(N3CCN(C)CC3)c(F)cc3c(=O)c(C(=O)O)cn1c23
Eupatorin,COc1ccc(-c2cc(=O)c3c(O)c(OC)c(OC)cc3o2)cc1O
YZ129,
Nitrendipine,CCOC(=O)C1=C(C)NC(C)=C(C(=O)OC)C1c1cccc([N+](=O)[O-])c1
K145 hydrochloride,
Dobutamine hydrochloride,CC(CCc1ccc(O)cc1)NCCc1ccc(O)c(O)c1.Cl
Pimozide,O=c1[nH]c2ccccc2n1C1CCN(CCCC(c2ccc(F)cc2)c2ccc(F)cc2)CC1
Atropine methyl nitrate,
Desipramine hydrochloride,CNCCCN1c2ccccc2CCc2ccccc21.Cl
Mianserin hydrochloride,CN1CCN2c3ccccc3Cc3ccccc3C2C1.Cl
beta-Estradiol,
Estetrol,C[C@]12CC[C@@H]3c4ccc(O)cc4CC[C@H]3[C@@H]1[C@@H](O)[C@@H](O)[C@@H]2O.O
Tranilast,COc1ccc(/C=C/C(=O)Nc2ccccc2C(=O)O)cc1OC
"L-745,870 hydrochloride",
SKF 83959 hydrobromide,
SB 269970 hydrochloride,
Proglumide,CCCN(CCC)C(=O)C(CCC(=O)O)NC(=O)c1ccccc1
Enalaprilat dihydrate,
SB 216763,
Orphenadrine hydrochloride,Cc1ccccc1C(OCCN(C)C)c1ccccc1.Cl
CGP 55845 hydrochloride,
Dihydrocapsaicin,COc1cc(CNC(=O)CCCCCCC(C)C)ccc1O
LDC000067 hydrochloride,
Triflupromazine hydrochloride,CN(C)CCCN1c2ccccc2Sc2ccc(C(F)(F)F)cc21.Cl
(-)-Scopolamine methyl bromide,
Felodipine,CCOC(=O)C1=C(C)NC(C)=C(C(=O)OC)C1c1cccc(Cl)c1Cl
GSK180736A,
U0126,
Ritanserin,Cc1nc2sccn2c(=O)c1CCN1CCC(=C(c2ccc(F)cc2)c2ccc(F)cc2)CC1
Chloroquine diphosphate,
FAUC 213,
LP44,
Fulvestrant,C[C@]12CC[C@@H]3c4ccc(O)cc4C[C@@H](CCCCCCCCC[S+]([O-])CCCC(F)(F)C(F)(F)F)[C@H]3[C@@H]1CC[C@@H]2O
A-770041,
YM-26734,
Cinaciguat hydrochloride,
Gallamine triethiodide,CC[N+](CC)(CC)CCOc1cccc(OCC[N+](CC)(CC)CC)c1OCC[N+](CC)(CC)CC.[I-].[I-].[I-]
Phorbol 12-myristate 13-acetate,
Sandoz 58-035,
L-Cysteinesulfinic Acid,
(±)-2-Amino-4-phosphonobutyric acid,
L-Cycloserine,
NDT9513727,
PA-6,
Dilazep hydrochloride,COc1cc(C(=O)OCCCN2CCCN(CCCOC(=O)c3cc(OC)c(OC)c(OC)c3)CC2)cc(OC)c1OC.Cl
3-Aminopropylphosphonic acid,
S-Ethylisothiourea hydrobromide,
Aurora-A Inhibitor I,
NF 023,
Candesartan cilexetil,CCOc1nc2cccc(C(=O)OC(C)OC(=O)OC3CCCCC3)c2n1Cc1ccc(-c2ccccc2-c2nn[nH]n2)cc1
Dequalinium chloride hydrate,
(±)-2-Amino-3-phosphonopropionic acid,
Cystamine dihydrochloride,Cl.Cl.NCCSSCCN
Methoctramine tetrahydrochloride,
2-(2-Aminoethyl)isothiourea dihydrobromide,
LP 12 hydrochloride hydrate,
LY2955303,
(+)-Bromocriptine methanesulfonate,
WAY-267464 dihydrochloride,
Pancuronium bromide,CC(=O)O[C@H]1C[C@@H]2CC[C@@H]3[C@H](CC[C@@]4(C)[C@H]3C[C@H]([N+]3(C)CCCCC3)[C@@H]4OC(C)=O)[C@@]2(C)C[C@@H]1[N+]1(C)CCCCC1.[Br-].[Br-]
KT185,
DL-Cycloserine,
Fosmidomycin sodium salt hydrate,
Dihydroergotamine methanesulfonate,
BMS-193885,
Putrescine dihydrochloride,Cl.Cl.NCCCCN
Daurisoline,
Ebastine,CC(C)(C)c1ccc(C(=O)CCCN2CCC(OC(c3ccccc3)c3ccccc3)CC2)cc1
Phosphomycin disodium,C[C@@H]1O[C@@H]1P(=O)([O-])[O-].[Na+].[Na+]
U-74389G maleate,
Pyridostatin hydrochloride,
D-Cycloserine,
Terfenadine,CC(C)(C)c1ccc(C(O)CCCN2CCC(C(O)(c3ccccc3)c3ccccc3)CC2)cc1
Calmidazolium chloride,Clc1ccc(C(c2ccc(Cl)cc2)[n+]2ccn(CC(OCc3ccc(Cl)cc3Cl)c3ccc(Cl)cc3Cl)c2)cc1.[Cl-]
GSK503,
4-Methylpyrazole hydrochloride,
SR9243,
Fexofenadine hydrochloride,CC(C)(C(=O)O)c1ccc(C(O)CCCN2CCC(C(O)(c3ccccc3)c3ccccc3)CC2)cc1.Cl
3-Morpholinosydnonimine hydrochloride,
Betaine hydrochloride,C[N+](C)(C)CC(=O)O.[Cl-]
Betaine aldehyde chloride,C[N+](C)(C)CC=O.[Cl-]
Piracetam,NC(=O)CN1CCCC1=O
cis-4-Aminocrotonic acid,
Imetit dihydrobromide,Br.N=C(N)SCCc1c[nH]cn1
L-allylglycine,
(+)-Quisqualic acid,
Imidazole-4-acetic acid hydrochloride,
Histamine dihydrochloride,Cl.Cl.NCCc1c[nH]cn1
1-Methylhistamine dihydrochloride,
L-azetidine-2-carboxylic acid,
Carmustine,O=NN(CCCl)C(=O)NCCCl
"Histamine, R(-)-alpha-methyl-, dihydrochloride",
DL-threo-beta-hydroxyaspartic acid,
(E)-4-amino-2-butenoic acid,
Choline bromide,C[N+](C)(C)CCO.[Br-]
5-Aminovaleric acid hydrochloride,
Oxiracetam,NC(=O)CN1CC(O)CC1=O
"2,4-Diamino-6-pyrimidinone",
Allopurinol,Oc1ncnc2[nH]ncc12
Pyrazinecarboxamide,
"2,3-Butanedione monoxime",
2-Chloro-2-deoxy-D-glucose,
Vancomycin hydrochloride from Streptomyces orientalis,
(±)-gamma-Vinyl GABA,
4-Aminopyridine,
Zoledronic acid monohydrate,
(±)-2-Amino-5-phosphonopentanoic acid,
L-Methionine sulfoximine,
Acetazolamide,CC(=O)Nc1nnc(S(N)(=O)=O)s1
"5,5-Dimethyl-1-pyrroline-N-oxide",
"1,4-Dideoxy-1,4-imino-D-arabinitol",
Amifostine,NCCCNCCSP(=O)(O)O
4-Imidazolemethanol hydrochloride,
1-Aminocyclopropanecarboxylic acid hydrochloride,
Methazolamide,CC(=O)/N=c1/sc(S(N)(=O)=O)nn1C
L-Canavanine,
Suramin sodium salt,
Diprovocim-1,
L-Glutamic acid hydrochloride,
L-Canavanine sulfate,
Pentylenetetrazole,
D(-)-2-Amino-5-phosphonopentanoic acid,
Ammonium pyrrolidinedithiocarbamate,
Cyclophosphamide monohydrate,
THIP hydrochloride,
L-Homocitrulline,
DL-alpha-Difluoromethylornithine hydrochloride,
Isoxanthopterin,Nc1nc2[nH]c(=O)cnc2c(=O)[nH]1
(±)-Nipecotic acid,
L-Histidine hydrochloride,
Isonipecotic acid,O=C(O)C1CCNCC1
Amiloride hydrochloride,Cl.N=C(N)NC(=O)c1nc(Cl)c(N)nc1N.O.O
NG-Nitro-L-arginine,
Benzamidine hydrochloride,Cl.N=C(N)c1ccccc1
NG-Nitro-L-arginine methyl ester hydrochloride,
Chlorothiazide,NS(=O)(=O)c1cc2c(cc1Cl)N=CNS2(=O)=O
Arcaine sulfate,N=C(N)NCCCCNC(=N)N.O=S(=O)(O)O
Carboplatin,
1-Amino-1-cyclohexanecarboxylic acid hydrochloride,
7-Nitroindazole,O=[N+]([O-])c1cccc2cn[nH]c12
Carbachol,C[N+](C)(C)CCOC(N)=O.[Cl-]
Chlorzoxazone,O=c1[nH]c2cc(Cl)ccc2o1
Spermidine trihydrochloride,Cl.NCCCCNCCCN
Bethanechol chloride,CC(C[N+](C)(C)C)OC(N)=O.[Cl-]
S-Methyl-L-thiocitrulline acetate,CC(=O)O.CSC(=N)NCCC[C@H](N)C(=O)O
p-Benzoquinone,
Chelidamic acid,O=C(O)c1cc(=O)cc(C(=O)O)[nH]1
Isoguvacine hydrochloride,Cl.O=C(O)C1=CCNCC1
1-Methylnicotinamide chloride,
Bromoacetylcholine bromide,
Ethosuximide,CCC1(C)CC(=O)NC1=O
gamma-Acetylinic GABA,
Benzamide,NC(=O)c1ccccc1
Guvacine hydrochloride,Cl.O=C(O)C1=CCCNC1
1-Aminobenzotriazole,
1-Deoxynojirimycin hydrochloride,
"3,5-Dinitrocatechol",
Hydrochlorothiazide,NS(=O)(=O)c1cc2c(cc1Cl)NCNS2(=O)=O
Acetylthiocholine chloride,CC(=O)SCC[N+](C)(C)C.[Cl-]
NG-Monomethyl-L-arginine acetate,
TBBz,
Tirapazamine,Nc1n[n+]([O-])c2ccccc2[n+]1[O-]
TPMPA,
4-Hydroxybenzhydrazide,
S-Nitroso-N-acetylpenicillamine,
"N,N,N',N'-Tetramethylazodicarboxamide",
N-Ethylmaleimide,CCN1C(=O)C=CC1=O
(S)-MAP4 hydrochloride,
4-Aminobenzamidine dihydrochloride,
SCH-50911,
Acetyl-beta-methylcholine chloride,
Ribavirin,NC(=O)c1ncn([C@@H]2O[C@H](CO)[C@@H](O)[C@H]2O)n1
Phenelzine sulfate,NNCCc1ccccc1.O=S(=O)(O)O
1-Phenylbiguanide,
Acyclovir,Nc1nc2c(ncn2COCCO)c(=O)[nH]1
Erdosteine,O=C(O)CSCC(=O)NC1CCSC1=O
L(-)-Norepinephrine bitartrate,
(±)-alpha-Lipoic Acid,
Diazoxide,CC1=Nc2ccc(Cl)cc2S(=O)(=O)N1
"(S)-3,5-Dihydroxyphenylglycine",
4-(2-Aminoethyl)benzenesulfonyl fluoride hydrochloride,
SQ 22536,
5-azacytidine,
"5-(N,N-Dimethyl)amiloride hydrochloride",CN(C)c1nc(N)c(C(=O)NC(=N)N)nc1Cl.Cl
Zonisamide sodium,NS([O-])(O)Cc1noc2ccccc12.[Na+]
5-Bromo-2'-deoxyuridine,
(±)-Octopamine hydrochloride,
"(±)-2,3-Dichloro-alpha-methylbenzylamine hydrochloride",
Arecoline hydrobromide,Br.COC(=O)C1=CCCN(C)C1
Tipiracil hydrochloride,Cl.N=C1CCCN1Cc1[nH]c(=O)[nH]c(=O)c1Cl
p-Fluoro-L-phenylalanine,
Sepiapterin,C[C@H](O)C(=O)C1=Nc2c(nc(N)[nH]c2=O)NC1
(±)-p-Chlorophenylalanine,
Pifithrin-mu,
DNQX,O=[N+]([O-])c1cc2nc(O)c(O)nc2cc1[N+](=O)[O-]
1-(m-Chlorophenyl)-biguanide hydrochloride,
Tetraethylammonium chloride,CC[N+](CC)(CC)CC.[Cl-]
3-Iodo-L-tyrosine,
Dopamine hydrochloride,Cl.NCCc1ccc(O)c(O)c1
Hydralazine hydrochloride,Cl.NNc1nncc2ccccc12
Gabaculine hydrochloride,Cl.NC1C=CC=C(C(=O)O)C1
L-Mimosine from Koa hoale seeds,
Famotidine,NC(N)=Nc1nc(CSCC/C(N)=N/S(N)(=O)=O)cs1
4-Amidinophenylmethanesulfonyl fluoride hydrochloride,
Norcantharidin,O=C1OC(=O)[C@H]2[C@@H]1[C@H]1CC[C@H]2O1
Levetiracetam,CC[C@@H](C(N)=O)N1CCCC1=O
"DL-Buthionine-[S,R]-sulfoximine",
Gemcitabine hydrochloride,Cl.Nc1ccn([C@@H]2O[C@H](CO)[C@@H](O)C2(F)F)c(=O)n1
5-fluoro-5'-deoxyuridine,
L-Buthionine-sulfoximine,
Valproic acid sodium,
Stattic,
Ancitabine hydrochloride,Cl.N=c1ccn2c(n1)O[C@H]1[C@H](O)[C@@H](CO)O[C@H]12
p-Aminoclonidine hydrochloride,
6-Hydroxy-DL-DOPA,
(-)-alpha-Methylnorepinephrine,
5-Fluoroindole-2-carboxylic acid,O=C(O)c1cc2cc(F)ccc2[nH]1
CNQX disodium,
Ganciclovir,Nc1nc2c(ncn2COC(CO)CO)c(=O)[nH]1
Altretamine,CN(C)c1nc(N(C)C)nc(N(C)C)n1
BTO-1,
Hydroxyurea,NC(=O)NO
SC-514,
"(6R)-5,6,7,8-Tetrahydro-L-biopterin hydrochloride",
Captopril,C[C@H](CS)C(=O)N1CCC[C@H]1C(=O)O
Molsidomine,CCOC(=O)[N-]c1c[n+](N2CCOCC2)no1
MNS,
DCEBIO,
Phaclofen,NCC(CP(=O)(O)O)c1ccc(Cl)cc1
Clodronic acid,O=P(O)(O)C(Cl)(Cl)P(=O)(O)O
BIX,
Minodronic acid monohydrate,
Semicarbazide hydrochloride,Cl.NNC(N)=O
AR-R17779 Hydrochloride,
Minoxidil,Nc1cc(N2CCCCC2)nc(N)[n+]1[O-]
(±)-Epinephrine hydrochloride,
ODQ,
Acetylsalicylic acid,
Phenylephrine hydrochloride,CNC[C@H](O)c1cccc(O)c1.Cl
"1,5-Isoquinolinediol",
Cytosine-1-beta-D-arabinofuranoside hydrochloride,
Iproniazid phosphate,CC(C)NNC(=O)c1ccncc1.O=P(O)(O)O
"2',3'-dideoxycytidine",
L-DOPS,
(±)-Muscarine chloride,
Daphnetin,O=c1ccc2ccc(O)c(O)c2o1
(±)-Synephrine,
CB 1954,
Clonidine hydrochloride,Cl.Clc1cccc(Cl)c1NC1=NCCN1
Pyridostigmine bromide,CN(C)C(=O)Oc1ccc[n+](C)c1.[Br-]
Lamotrigine,Nc1nnc(-c2cccc(Cl)c2Cl)c(N)n1
Ibandronate sodium,CCCCCN(C)CCC(O)(P(=O)([O-])O)P(=O)(O)O.O.[Na+]
Lamotrigine isethionate,
ABT-418 hydrochloride,
(±)-Normetanephrine hydrochloride,
B-HT 933 dihydrochloride,
Tizanidine hydrochloride,Cl.Clc1ccc2nsnc2c1NC1=NCCN1
Nimustine hydrochloride,Cc1ncc(CNC(=O)N(CCCl)N=O)c(N)n1.Cl
Azathioprine,Cn1cnc([N+](=O)[O-])c1Sc1ncnc2[nH]cnc12
"3,4-Dichloroisocoumarin",
TIC10 angular,
(±)-Bay K 8644,
AM-9074,
IKK-16 dihydrochloride,
Atropine sulfate,CN1[C@@H]2CC[C@H]1C[C@@H](OC(=O)C(CO)c1ccccc1)C2.O=S(=O)(O)O
Indinavir sulfate salt hydrate,
Hydroxylamine hydrochloride,
Capzimin dimer,
Ceftriaxone sodium,CO/N=C(\C(=O)N[C@@H]1C(=O)N2C(C(=O)[O-])=C(CSc3nc(=O)c([O-])nn3C)CS[C@H]12)c1csc(N)n1.CO/N=C(\C(=O)N[C@@H]1C(=O)N2C(C(=O)[O-])=C(CSc3nc(=O)c([O-])nn3C)CS[C@H]12)c1csc(N)n1.O.O.O.O.O.O.O.[Na+].[Na+].[Na+].[Na+]
Cephalexin hydrate,
Lithium Chloride,
(±)-p-Aminoglutethimide,
(±)-Norepinephrine (+)bitartrate,
DL-p-Chlorophenylalanine methyl ester hydrochloride,
3-Aminopropionitrile fumarate,
Enclomiphene hydrochloride,
Benztropine mesylate,CN1[C@@H]2CC[C@H]1C[C@@H](OC(c1ccccc1)c1ccccc1)C2.CS(=O)(=O)O
Brequinar sodium salt hydrate,
XIE62-1004,
Lubiprostone,CCCCC(F)(F)[C@@]1(O)CC[C@H]2[C@@H](CC(=O)[C@@H]2CCCCCCC(=O)O)O1
Aconitine,CCN1C[C@]2(COC)[C@H](O)C[C@H](OC)[C@@]34[C@@H]5C[C@@]6(O)[C@H](OC(=O)c7ccccc7)[C@@H]5[C@@](OC(C)=O)([C@@H]([C@H](OC)[C@H]23)[C@@H]14)[C@@H](O)[C@@H]6OC
Phenytoin sodium,O=C1N=C([O-])NC1(c1ccccc1)c1ccccc1.[Na+]
L-F001,
Beclomethasone,C[C@H]1C[C@H]2[C@@H]3CCC4=CC(=O)C=C[C@]4(C)[C@@]3(Cl)[C@@H](O)C[C@]2(C)[C@@]1(O)C(=O)CO
Chlorprothixene hydrochloride,CN(C)CC/C=C1/c2ccccc2Sc2ccc(Cl)cc21.Cl
Rosuvastatin calcium,CC(C)c1nc(N(C)S(C)(=O)=O)nc(-c2ccc(F)cc2)c1/C=C/[C@@H](O)C[C@@H](O)CC(=O)[O-].CC(C)c1nc(N(C)S(C)(=O)=O)nc(-c2ccc(F)cc2)c1/C=C/[C@@H](O)C[C@@H](O)CC(=O)[O-].[Ca+2]
BRL 37344 sodium,
Lercanidipine hydrochloride hemihydrate,
Y-27632 dihydrochloride,
AubipyOMe,
Eptifibatide acetate,
Supercinnamaldehyde,
Cephalosporin C zinc salt,CC(=O)OCC1=C(C(=O)[O-])N2C(=O)[C@@H](NC(=O)CCC[C@@H](N)C(=O)[O-])[C@H]2SC1.[Zn+2]
8-(4-Chlorophenylthio)-cAMP sodium,
BW 284c51,
Cinepazide maleate,
Aminoguanidine hydrochloride,
Atropine methyl bromide,
Rivastigmine tartrate,CCN(C)C(=O)Oc1cccc([C@H](C)N(C)C)c1.O=C(O)[C@H](O)[C@@H](O)C(=O)O
Oxiconazole nitrate,Clc1ccc(CO/N=C(\Cn2ccnc2)c2ccc(Cl)cc2Cl)c(Cl)c1.O=[N+]([O-])O
trans-(±)-ACPD,
(±)-Brompheniramine maleate,
Cyclosporin A,
(+)-Catechin Hydrate,
Zibotentan,COc1nc(C)cnc1NS(=O)(=O)c1cccnc1-c1ccc(-c2nnco2)cc1
R(-)-N6-(2-Phenylisopropyl)adenosine,
Labetalol hydrochloride,CC(CCc1ccccc1)NCC(O)c1ccc(O)c(C(N)=O)c1.Cl
DFU,
Clemizole hydrochloride,
Pirenzepine dihydrochloride,
SCH-39166 hydrobromide,
Clomipramine hydrochloride,CN(C)CCCN1c2ccccc2CCc2ccc(Cl)cc21.Cl
Triprolidine hydrochloride,Cc1ccc(/C(=C\CN2CCCC2)c2ccccn2)cc1.Cl.O
YC-1,
Imipramine hydrochloride,CN(C)CCCN1c2ccccc2CCc2ccccc21.Cl
Praziquantel,O=C(C1CCCCC1)N1CC(=O)N2CCc3ccccc3C2C1
PAPP,
Elesclomol,CN(NC(=O)CC(=O)NN(C)C(=S)c1ccccc1)C(=S)c1ccccc1
Bezafibrate,CC(C)(Oc1ccc(CCNC(=O)c2ccc(Cl)cc2)cc1)C(=O)O
Capsazepine,Oc1cc2c(cc1O)CN(C(=S)NCCc1ccc(Cl)cc1)CCC2
Auraptene,CC(C)=CCC/C(C)=C/COc1ccc2ccc(=O)oc2c1
Ethopropazine hydrochloride,CCN(CC)C(C)CN1c2ccccc2Sc2ccccc21.Cl
AC1903,
Benoxathian hydrochloride,COc1cccc(OC)c1OCCNCC1CSc2ccccc2O1.Cl
Ketotifen fumarate,CN1CCC(=C2c3ccccc3CC(=O)c3sccc32)CC1.O=C(O)/C=C/C(=O)O
Alcaftadine,CN1CCC(=C2c3ccccc3CCn3c(C=O)cnc32)CC1
Aminopterin,Nc1nc(N)c2nc(CNc3ccc(C(=O)N[C@@H](CCC(=O)O)C(=O)O)cc3)cnc2n1
WB-4101 hydrochloride,
Perlapine,CN1CCN(C2=Nc3ccccc3Cc3ccccc32)CC1
Trazodone hydrochloride,Cl.O=c1n(CCCN2CCN(c3cccc(Cl)c3)CC2)nc2ccccn12
Parecoxib sodium,CCC(=O)[N-]S(=O)(=O)c1ccc(-c2c(-c3ccccc3)noc2C)cc1.[Na+]
Nuciferine,COc1cc2c3c(c1OC)-c1ccccc1C[C@H]3N(C)CC2
Nedocromil,CCCc1c2oc(C(=O)O)cc(=O)c2cc2c(=O)cc(C(=O)O)n(CC)c12
Acepromazine maleate,CC(=O)c1ccc2c(c1)N(CCCN(C)C)c1ccccc1S2.O=C(O)/C=C\C(=O)O
BI01383298,
Pentamidine isethionate,N=C(N)c1ccc(OCCCCCOc2ccc(C(=N)N)cc2)cc1.O=S(=O)(O)CCO.O=S(=O)(O)CCO
Palonosetron hydrochloride,Cl.O=C1c2cccc3c2[C@H](CCC3)CN1[C@@H]1CN2CCC1CC2
Sm4,
1-(4-Chlorobenzyl)-5-methoxy-2-methylindole-3-acetic acid,
Telenzepine dihydrochloride,Cc1scc2c1N(C(=O)CN1CCN(C)CC1)c1ccccc1NC2=O.Cl.Cl
GR-89696 fumarate,
(±)-Octoclothepin maleate,
Prazosin hydrochloride,COc1cc2nc(N3CCN(C(=O)c4ccco4)CC3)nc(N)c2cc1OC.Cl
Phenylbutazone,CCCCC1C(=O)N(c2ccccc2)N(c2ccccc2)C1=O
Naloxone hydrochloride,C=CCN1CC[C@]23c4c5ccc(O)c4O[C@H]2C(=O)CC[C@@]3(O)[C@H]1C5.Cl
Paroxetine hydrochloride hemihydrate (MW = 374.83),
Protriptyline hydrochloride,CNCCCC1c2ccccc2C=Cc2ccccc21.Cl
Nortriptyline hydrochloride,CNCCC=C1c2ccccc2CCc2ccccc21.Cl
Retro-2,
Doxepin hydrochloride,CN(C)CCC=C1c2ccccc2COc2ccccc21.Cl
CGP-13501,
PD 169316,
VU0409551,
BTCP hydrochloride,
IPA-3,
SR 27897 hydrate,
PD-407824,
IRAK-1/4 Inhibitor I,
Sivelestat sodium salt hydrate,
KRN633,
Sulindac,CC1=C(CC(=O)O)c2cc(F)ccc2/C1=C\c1ccc([S+](C)[O-])cc1
Papaverine hydrochloride,COc1ccc(Cc2nccc3cc(OC)c(OC)cc23)cc1OC.Cl
Flibanserin,O=c1[nH]c2ccccc2n1CCN1CCN(c2cccc(C(F)(F)F)c2)CC1
"L-741,626",
Mephetyl tetrazole,
CNS-1102,
Finafloxacin,N#Cc1c(N2C[C@@H]3NCCO[C@H]3C2)c(F)cc2c(=O)c(C(=O)O)cn(C3CC3)c12
GR 113808,
Fenofibrate,CC(C)OC(=O)C(C)(C)Oc1ccc(C(=O)c2ccc(Cl)cc2)cc1
Poloppin,
Psoralidin,
LDN-27219,
(S)-(+)-Camptothecin,
Pergolide methanesulfonate,
HI-TOPK-032,
Alfuzosin hydrochloride,COc1cc2nc(N(C)CCCNC(=O)C3CCCO3)nc(N)c2cc1OC.Cl
Terutroban,Cc1ccc2c(c1CCC(=O)O)CC[C@@H](NS(=O)(=O)c1ccc(Cl)cc1)C2
Cyclobenzaprine hydrochloride,CN(C)CCC=C1c2ccccc2C=Cc2ccccc21.Cl
5HPP-33,
Roscovitine,
BAY-678,CC(=O)C1=C(C)N(c2cccc(C(F)(F)F)c2)C(=O)N[C@@H]1c1ccc(C#N)nc1
"(-)-trans-(1S,2S)-U-50488 hydrochloride",
Dapiprazole hydrochloride,Cc1ccccc1N1CCN(CCc2nnc3n2CCCC3)CC1.Cl
SB 202190,
BAY-8002,
Citalopram hydrobromide,Br.CN(C)CCCC1(c2ccc(F)cc2)OCc2cc(C#N)ccc21
Dicyclomine hydrochloride,CCN(CC)CCOC(=O)C1(C2CCCCC2)CCCCC1.Cl
GNF-5,
Tetrabenazine,COc1cc2c(cc1OC)C1CC(=O)C(CC(C)C)CN1CC2
CYM50358,
Sanguinarine chloride,
Nylidrin hydrochloride,CC(CCc1ccccc1)NC(C)C(O)c1ccc(O)cc1.Cl
Sertaconazole nitrate,Clc1ccc(C(Cn2ccnc2)OCc2csc3c(Cl)cccc23)c(Cl)c1.O=[N+]([O-])O
Pemetrexed disodium heptahydrate,
TNP,
(±)-8-Hydroxy-DPAT hydrobromide,
Ipratropium bromide,CC(C)[N+]1(C)[C@@H]2CC[C@H]1C[C@@H](OC(=O)C(CO)c1ccccc1)C2.O.[Br-]
Cytidine 5'-diphosphocholine sodium salt hydrate,
S-(-)-Carbidopa,
Lometrexol hydrate,
RSM932A,
Pitstop 2,
"P1,P4-Di(adenosine-5')tetraphosphate triammonium",
(±)-alpha-Methyl-4-carboxyphenylglycine,
Fusidic acid sodium,
PFF-1,
NLX-112 hydrochloride,
MHPG piperazine,
SHMT inhibitor Hit 1,
M-110,
PF-429242 dihydrochloride,
(±)-SKF-38393 hydrochloride,
DFB,
"1S,3R-RSL 3",
Gemifloxacin mesylate,CO/N=C1\CN(c2nc3c(cc2F)c(=O)c(C(=O)O)cn3C2CC2)CC1CN.CS(=O)(=O)O
(±) trans-U-50488 methanesulfonate,
CuET,
SBI-0087702,
Fosaprepitant dimeglumine,CNC[C@H](O)[C@@H](O)[C@H](O)[C@H](O)CO.CNC[C@H](O)[C@@H](O)[C@H](O)[C@H](O)CO.C[C@@H](O[C@H]1OCCN(Cc2nn(P(=O)(O)O)c(=O)[nH]2)[C@H]1c1ccc(F)cc1)c1cc(C(F)(F)F)cc(C(F)(F)F)c1
Dantrolene sodium,O=C1CN(/N=C/c2ccc(-c3ccc([N+](=O)[O-])cc3)o2)C(=O)[N-]1.[Na+]
SR 142948A,
(-)-Eseroline fumarate,
Naltrindole hydrochloride,Cl.Oc1ccc2c3c1O[C@H]1c4[nH]c5ccccc5c4C[C@@]4(O)[C@@H](C2)N(CC2CC2)CC[C@]314
Valganciclovir hydrochloride hydrate,
Guanabenz acetate,CC(=O)O.N=C(N)N/N=C/c1c(Cl)cccc1Cl
Stevioside,C=C1C[C@@]23CC[C@H]4[C@@](C)(CCC[C@@]4(C)C(=O)O[C@@H]4O[C@H](CO)[C@@H](O)[C@H](O)[C@H]4O)[C@@H]2CC[C@]1(O[C@@H]1O[C@H](CO)[C@@H](O)[C@H](O)[C@H]1O[C@@H]1O[C@H](CO)[C@@H](O)[C@H](O)[C@H]1O)C3
Emetine dihydrochloride hydrate,CC[C@H]1CN2CCc3cc(OC)c(OC)cc3[C@@H]2C[C@@H]1C[C@H]1NCCc2cc(OC)c(OC)cc21.Cl.O
(±)-Chloro-APB hydrobromide,
(±)-7-Hydroxy-DPAT hydrobromide,
Cevipabulin fumarate,CNCCCOc1cc(F)c(-c2c(Cl)nc3ncnn3c2N[C@@H](C)C(F)(F)F)c(F)c1.O.O.O=C(O)/C=C/C(=O)O
Claramine trifluoroacetate salt,
(-)-MK-801 hydrogen maleate,
Darifenacin hydrobromide,Br.NC(=O)C(c1ccccc1)(c1ccccc1)[C@@H]1CCN(CCc2ccc3c(c2)CCO3)C1
Ivermectin,
Selamectin,CO[C@H]1C[C@H](O[C@@H]2/C(C)=C/C[C@@H]3C[C@@H](C[C@]4(CC[C@H](C)[C@@H](C5CCCCC5)O4)O3)OC(=O)[C@@H]3C=C(C)/C(=N/O)[C@H]4OC/C(=C\C=C\[C@@H]2C)[C@]43O)O[C@@H](C)[C@@H]1O
(-)-Epinephrine bitartrate,
SB-334867,
Brazilin,Oc1ccc2c(c1)OC[C@]1(O)Cc3cc(O)c(O)cc3[C@H]21
(±)-CGP-12177A hydrochloride,
Aurothioglucose,
Ketoconazole,CC(=O)N1CCN(c2ccc(OCC3COC(Cn4ccnc4)(c4ccc(Cl)cc4Cl)O3)cc2)CC1
Parthenolide,C=C1C(=O)O[C@H]2[C@H]1CC/C(C)=C/CC[C@@]1(C)O[C@@H]21
SB743921 hydrochloride,
Rilmenidine hemifumarate,C1COC(NC(C2CC2)C2CC2)=N1.O=C(O)/C=C/C(=O)O
CPCCOEt,CCOC(=O)[C@]12CC1/C(=N\O)c1ccccc1O2
Dolasetron mesylate hydrate,
INDY,
Danshensu sodium salt,
Ruthenium red,
Mitiglinide calcium,
(-)-Scopolamine methyl nitrate,
ML 230,
Pseudocantharidin C,
Auranofin,
(±)-6-Chloro-PB hydrobromide,
"(±)-cis-Piperidine-2,3-dicarboxylic acid",
PRE-084,
BS46 bromide,
(-)-Scopolamine hydrobromide,
Quinidine sulfate,C=C[C@H]1CN2CC[C@H]1C[C@@H]2[C@@H](O)c1ccnc2ccc(OC)cc12.C=C[C@H]1CN2CC[C@H]1C[C@@H]2[C@@H](O)c1ccnc2ccc(OC)cc12.O.O.O=S(=O)(O)O
Picrotoxin,C=C(C)[C@@H]1[C@H]2OC(=O)[C@@H]1[C@]1(O)C[C@H]3OC34C(=O)O[C@H]2[C@@]41C.CC(C)(O)[C@@H]1[C@H]2OC(=O)[C@@H]1[C@]1(O)C[C@H]3OC34C(=O)O[C@H]2[C@@]41C
(+)-CP-99994 dihydrochloride,
Ranitidine hydrochloride,CNC(=C[N+](=O)[O-])NCCSCc1ccc(CN(C)C)o1.Cl
RU-SKI 43 maleate,
Tranylcypromine hydrochloride,Cl.N[C@@H]1C[C@H]1c1ccccc1
Bromonoscapine,
Nanchangmycin,
Telithromycin,CC[C@H]1OC(=O)[C@H](C)C(=O)[C@H](C)[C@@H](O[C@@H]2O[C@H](C)C[C@H](N(C)C)[C@H]2O)[C@](C)(OC)C[C@@H](C)C(=O)[C@H](C)[C@H]2N(CCCCn3cnc(-c4cccnc4)c3)C(=O)O[C@]12C
(±)-Verapamil hydrochloride,
Furamidine dihydrochloride,
Ritodrine hydrochloride,CC(NCCc1ccc(O)cc1)C(O)c1ccc(O)cc1.Cl
Cycloastragenol,
Raphin1,
Quinine sulfate,C=C[C@H]1CN2CC[C@H]1C[C@H]2[C@H](O)c1ccnc2ccc(OC)cc12.C=C[C@H]1CN2CC[C@H]1C[C@H]2[C@H](O)c1ccnc2ccc(OC)cc12.O.O.O=S(=O)(O)O
Tegaserod maleate,CCCCCNC(=N)N/N=C/c1c[nH]c2ccc(OC)cc12.O=C(O)/C=C\C(=O)O
KB-R7493,
